{
  "httpRequest": {
    "method": "POST",
    "path": "/soap-api/books",
    "body": {
      "type": "XML",
      "xml": "<soap:Envelope xmlns:soap=\"http://schemas.xmlsoap.org/soap/envelope/\"><soap:Body><GetBooksRequest xmlns=\"http://example.com/\"></GetBooksRequest></soap:Body></soap:Envelope>"
    }
  },
  "httpResponse": {
    "statusCode": 200,
    "headers": {
      "Content-Type": "application/xml"
    },
    "body": {
      "type": "XML",
      "xml": "<soap:Envelope xmlns:soap=\"http://schemas.xmlsoap.org/soap/envelope/\"><soap:Body><GetBooksResponse xmlns=\"http://example.com/\"><Book><ID>10001</ID><Title>To Kill a Mockingbird</Title><Author>Harper Lee</Author></Book><Book><ID>10002</ID><Title>The Great Gatsby</Title><Author>F. Scott Fitzgerald</Author></Book><Book><ID>10003</ID><Title>Pride and Prejudice</Title><Author>Jane Austen</Author></Book></GetBooksResponse></soap:Body></soap:Envelope>"
    }
  }
}
